inductee,year,category,origin,wikipedia,extra,credit_names,credit_years,source
Buddy Holly,1986,Performer,USA,Buddy Holly,,,,sheet
Chuck Berry,1986,Performer,USA,Chuck Berry,,,,sheet
Elvis Presley,1986,Performer,USA,Elvis Presley,,,,sheet
Fats Domino,1986,Performer,USA,Fats Domino,,,,sheet
James Brown,1986,Performer,USA,James Brown,,,,sheet
Jerry Lee Lewis,1986,Performer,USA,Jerry Lee Lewis,,,,sheet
Little Richard,1986,Performer,USA,Little Richard,,,,sheet
Ray Charles,1986,Performer,USA,Ray Charles,,,,sheet
Sam Cooke,1986,Performer,USA,Sam Cooke,,,,sheet
The Everly Brothers,1986,Performer,USA,Everly Brothers,,,,sheet
Jimmie Rodgers,1986,Early Influence,USA,Jimmie Rodgers,,,-1933,sheet
Jimmy Yancey,1986,Early Influence,USA,Jimmy Yancey,,,,sheet
Robert Johnson,1986,Early Influence,USA,Robert Johnson,,,,sheet
Aretha Franklin,1987,Performer,USA,Aretha Franklin,,,,sheet
B.B. King,1987,Performer,USA,B.B. King,,,,sheet
Big Joe Turner,1987,Performer,USA,Big Joe Turner,,,,sheet
Bill Haley,1987,Performer,USA,Bill Haley,wiki:Bill Haley & His Comets,Bill Haley and His Comets; Bill Haley & His Comets,,sheet
Bo Diddley,1987,Performer,USA,Bo Diddley,,,,sheet
Carl Perkins,1987,Performer,USA,Carl Perkins,,,,sheet
Clyde McPhatter,1987,Performer,USA,Clyde McPhatter,,,,sheet
Eddie Cochran,1987,Performer,USA,Eddie Cochran,,,,sheet
Jackie Wilson,1987,Performer,USA,Jackie Wilson,,,,sheet
Marvin Gaye,1987,Performer,USA,Marvin Gaye,,,,sheet
Muddy Waters,1987,Performer,USA,Muddy Waters,,,,sheet
Ricky Nelson,1987,Performer,USA,Ricky Nelson,,,,sheet
Roy Orbison,1987,Performer,USA,Roy Orbison,,,,sheet
Smokey Robinson,1987,Performer,USA,Smokey Robinson,,Smokey Robinson & the Miracles; Smokey Robinson and the Miracles,,sheet
The Coasters,1987,Performer,USA,The Coasters,,,,sheet
Hank Williams,1987,Early Influence,USA,Hank Williams,,,,sheet
Louis Jordan,1987,Early Influence,USA,Louis Jordan,,,,sheet
T-Bone Walker,1987,Early Influence,USA,T-Bone Walker,,,,sheet
Bob Dylan,1988,Performer,USA,Bob Dylan,,,,sheet
The Beach Boys,1988,Performer,USA,The Beach Boys,,,,sheet
The Beatles,1988,Performer,UK,The Beatles,,,,sheet
The Drifters,1988,Performer,USA,The Drifters,,,,sheet
The Supremes,1988,Performer,USA,The Supremes,,Diana Ross and the Supremes,,sheet
Lead Belly,1988,Early Influence,USA,Lead Belly,,,,sheet
Les Paul,1988,Early Influence,USA,Les Paul,,,,sheet
Woody Guthrie,1988,Early Influence,USA,Woody Guthrie,,,,sheet
Dion,1989,Performer,USA,Dion (musician),wiki:Dion and the Belmonts,Dion and the Belmonts,,sheet
Otis Redding,1989,Performer,USA,Otis Redding,,,,sheet
Stevie Wonder,1989,Performer,USA,Stevie Wonder,,,,sheet
The Rolling Stones,1989,Performer,UK,The Rolling Stones,,,,sheet
The Temptations,1989,Performer,USA,The Temptations,,,,sheet
Bessie Smith,1989,Early Influence,USA,Bessie Smith,,,,sheet
The Ink Spots,1989,Early Influence,USA,The Ink Spots,,,,sheet
The Soul Stirrers,1989,Early Influence,USA,The Soul Stirrers,,,,sheet
Bobby Darin,1990,Performer,USA,Bobby Darin,,,,sheet
Frankie Valli,1990,Performer,USA,The Four Seasons (band),wiki:Frankie Valli; name:Frankie Valli & The Four Seasons,The Four Seasons; The 4 Seasons; Frankie Valli and the Four Seasons; Frankie Valli and the 4 Seasons,,sheet
Hank Ballard,1990,Performer,USA,Hank Ballard,wiki:The Midnighters,Hank Ballard and the Midnighters,,sheet
Simon & Garfunkel,1990,Performer,USA,Simon & Garfunkel,,,,sheet
The Four Tops,1990,Performer,USA,Four Tops,,,,sheet
The Kinks,1990,Performer,UK,The Kinks,,,,sheet
The Platters,1990,Performer,USA,The Platters,,,,sheet
The Who,1990,Performer,UK,The Who,,,,sheet
Charlie Christian,1990,Early Influence,USA,Charlie Christian,,,,sheet
Louis Armstrong,1990,Early Influence,USA,Louis Armstrong,,Louis Armstrong and His Hot Five; Louis Armstrong and His All Stars,,sheet
Ma Rainey,1990,Early Influence,USA,Ma Rainey,,,,sheet
Ike & Tina Turner,1991,Performer,USA,Ike & Tina Turner,,,,sheet
Jimmy Reed,1991,Performer,USA,Jimmy Reed,,,,added
John Lee Hooker,1991,Performer,USA,John Lee Hooker,,,,sheet
LaVern Baker,1991,Performer,USA,LaVern Baker,,,,sheet
The Byrds,1991,Performer,USA,The Byrds,,,,sheet
The Impressions,1991,Performer,USA,The Impressions,,,,sheet
Wilson Pickett,1991,Performer,USA,Wilson Pickett,,,,sheet
Howlin' Wolf,1991,Early Influence,USA,Howlin' Wolf,,,,sheet
Bobby Bland,1992,Performer,USA,"Bobby ""Blue"" Bland",,,,sheet
Booker T. & the M.G.'s,1992,Performer,USA,Booker T. & the M.G.'s,,Booker T. and the MG's; Booker T and the MGs,,sheet
Jimi Hendrix,1992,Performer,USA,The Jimi Hendrix Experience,wiki:Jimi Hendrix,The Jimi Hendrix Experience; Jimi Hendrix Experience,,sheet
Johnny Cash,1992,Performer,USA,Johnny Cash,,,,sheet
Sam & Dave,1992,Performer,USA,Sam & Dave,,,,sheet
The Isley Brothers,1992,Performer,USA,The Isley Brothers,,,,sheet
The Yardbirds,1992,Performer,UK,The Yardbirds,,,,sheet
Elmore James,1992,Early Influence,USA,Elmore James,,,,sheet
Professor Longhair,1992,Early Influence,USA,Professor Longhair,,,,sheet
Cream,1993,Performer,UK,Cream (band),,,,sheet
Creedence Clearwater Revival,1993,Performer,USA,Creedence Clearwater Revival,,,,sheet
Etta James,1993,Performer,USA,Etta James,,,,sheet
Frankie Lymon,1993,Performer,USA,Frankie Lymon & the Teenagers,wiki:Frankie Lymon,Frankie Lymon and the Teenagers; The Teenagers,,sheet
Ruth Brown,1993,Performer,USA,Ruth Brown,,,,sheet
Sly & the Family Stone,1993,Performer,USA,Sly and the Family Stone,,Sly and the Family Stone,,sheet
The Doors,1993,Performer,USA,The Doors,,,,sheet
Van Morrison,1993,Performer,UK,Van Morrison,,,,sheet
Dinah Washington,1993,Early Influence,USA,Dinah Washington,,,,sheet
Bob Marley,1994,Performer,Jamaica,Bob Marley,"wiki:Bob Marley and the Wailers; name:The Wailers|early Wailers billing (Marley, Tosh, Bunny Wailer)",Bob Marley and the Wailers,,sheet
Duane Eddy,1994,Performer,USA,Duane Eddy,,,,sheet
Elton John,1994,Performer,UK,Elton John,,,,sheet
John Lennon,1994,Performer,UK,John Lennon,"wiki:Plastic Ono Band|credited to Plastic Ono Band, Lennon's band",John Lennon and the Plastic Ono Band; John and Yoko,,sheet
Rod Stewart,1994,Performer,UK,Rod Stewart,,,,sheet
The Animals,1994,Performer,UK,The Animals,name:Eric Burdon & The Animals,Eric Burdon and the Animals,,sheet
The Band,1994,Performer,"USA, Canada",The Band,,,,sheet
The Grateful Dead,1994,Performer,USA,Grateful Dead,,,,sheet
Willie Dixon,1994,Early Influence,USA,Willie Dixon,,,,sheet
Al Green,1995,Performer,USA,Al Green,,,,sheet
Frank Zappa,1995,Performer,USA,Frank Zappa,,,,sheet
Janis Joplin,1995,Performer,USA,Janis Joplin,,,,sheet
Led Zeppelin,1995,Performer,UK,Led Zeppelin,,,,sheet
Martha Reeves & the Vandellas,1995,Performer,USA,Martha and the Vandellas,,Martha and the Vandellas,,sheet
Neil Young,1995,Performer,Canada,Neil Young,"wiki:Crosby, Stills, Nash & Young","Crosby, Stills, Nash and Young",,sheet
The Allman Brothers Band,1995,Performer,USA,The Allman Brothers Band,,,,sheet
The Orioles,1995,Early Influence,USA,The Orioles,,,,sheet
David Bowie,1996,Performer,UK,David Bowie,,,,sheet
Gladys Knight,1996,Performer,USA,Gladys Knight & the Pips,wiki:Gladys Knight,Gladys Knight and the Pips,,sheet
Jefferson Airplane,1996,Performer,USA,Jefferson Airplane,,,,sheet
Little Willie John,1996,Performer,USA,Little Willie John,,,,sheet
Pink Floyd,1996,Performer,UK,Pink Floyd,,,,sheet
The Shirelles,1996,Performer,USA,The Shirelles,,,,sheet
The Velvet Underground,1996,Performer,"USA, UK",The Velvet Underground,,,,sheet
Pete Seeger,1996,Early Influence,USA,Pete Seeger,,,,sheet
Bee Gees,1997,Performer,"UK, Australia",Bee Gees,,,,sheet
Buffalo Springfield,1997,Performer,"USA, Canada",Buffalo Springfield,,,,sheet
"Crosby, Stills & Nash",1997,Performer,"USA, UK","Crosby, Stills & Nash","wiki:Crosby, Stills, Nash & Young","Crosby, Stills, Nash and Young",,sheet
Funkadelic,1997,Performer,USA,Funkadelic,,Parliament-Funkadelic,,sheet
Joni Mitchell,1997,Performer,Canada,Joni Mitchell,,,,sheet
Parliament,1997,Performer,USA,Parliament-Funkadelic,wiki:Parliament (band),Parliament-Funkadelic,,sheet
The Jackson 5,1997,Performer,USA,The Jackson 5,"name:The Jacksons|credited to The Jacksons, the Jackson 5's later name",Jackson 5; Jackson Five,,sheet
The Rascals,1997,Performer,USA,The Rascals,,The Young Rascals,,sheet
Bill Monroe,1997,Early Influence,USA,Bill Monroe,,,,sheet
Mahalia Jackson,1997,Early Influence,USA,Mahalia Jackson,,,,sheet
Eagles,1998,Performer,USA,Eagles (band),,,,sheet
Fleetwood Mac,1998,Performer,"UK, USA",Fleetwood Mac,,,,sheet
Gene Vincent,1998,Performer,USA,Gene Vincent,,,,sheet
Lloyd Price,1998,Performer,USA,Lloyd Price,,,,sheet
Santana,1998,Performer,"USA, Mexico",Santana (band),,Carlos Santana,,sheet
The Mamas & The Papas,1998,Performer,"USA, Canada",The Mamas & the Papas,,,,sheet
Jelly Roll Morton,1998,Early Influence,USA,Jelly Roll Morton,,Jelly Roll Morton's Red Hot Peppers,,sheet
Billy Joel,1999,Performer,USA,Billy Joel,,,,sheet
Bruce Springsteen,1999,Performer,USA,Bruce Springsteen,name:Bruce Springsteen & The E Street Band,Bruce Springsteen and the E Street Band,,sheet
Curtis Mayfield,1999,Performer,USA,Curtis Mayfield,,,,sheet
Del Shannon,1999,Performer,USA,Del Shannon,,,,sheet
Dusty Springfield,1999,Performer,UK,Dusty Springfield,,,,sheet
Paul McCartney,1999,Performer,UK,Paul McCartney,"wiki:Wings (band)|credited to Wings, McCartney's band",Paul McCartney and Wings,,sheet
The Staple Singers,1999,Performer,USA,The Staple Singers,,,,sheet
Bob Wills,1999,Early Influence,USA,Bob Wills,,,,sheet
Charles Brown,1999,Early Influence,USA,Charles Brown (musician),,,,sheet
Bonnie Raitt,2000,Performer,USA,Bonnie Raitt,,,,sheet
"Earth, Wind & Fire",2000,Performer,USA,"Earth, Wind & Fire",,Earth Wind and Fire,,sheet
Eric Clapton,2000,Performer,UK,Eric Clapton,"wiki:Derek and the Dominos|credited to Derek and the Dominos, Clapton's band",,,sheet
James Taylor,2000,Performer,USA,James Taylor,,,,sheet
The Lovin' Spoonful,2000,Performer,"USA, Canada",The Lovin' Spoonful,,,,sheet
The Moonglows,2000,Performer,USA,The Moonglows,,,,sheet
Billie Holiday,2000,Early Influence,USA,Billie Holiday,,,,sheet
Earl Palmer,2000,Musical Excellence,USA,Earl Palmer,,,,added
Hal Blaine,2000,Musical Excellence,USA,Hal Blaine,,,,added
James Jamerson,2000,Musical Excellence,USA,James Jamerson,,,,added
King Curtis,2000,Musical Excellence,USA,King Curtis,name:King Curtis & The Kingpins,King Curtis and the Kingpins,,added
Nat King Cole,2000,Early Influence,USA,Nat King Cole,,The King Cole Trio; Nat King Cole Trio,,sheet
Scotty Moore,2000,Musical Excellence,USA,Scotty Moore,,,,added
Aerosmith,2001,Performer,USA,Aerosmith,,,,sheet
Michael Jackson,2001,Performer,USA,Michael Jackson,,,,sheet
Paul Simon,2001,Performer,USA,Paul Simon,,,,sheet
Queen,2001,Performer,UK,Queen (band),,,,sheet
Ritchie Valens,2001,Performer,USA,Ritchie Valens,,,,added
Solomon Burke,2001,Performer,USA,Solomon Burke,,,,sheet
Steely Dan,2001,Performer,USA,Steely Dan,,,,sheet
The Flamingos,2001,Performer,USA,The Flamingos,,,,sheet
James Burton,2001,Musical Excellence,USA,James Burton,,,,added
Johnnie Johnson,2001,Musical Excellence,USA,Johnnie Johnson (musician),,,,added
Brenda Lee,2002,Performer,USA,Brenda Lee,,,,sheet
Gene Pitney,2002,Performer,USA,Gene Pitney,,,,sheet
Isaac Hayes,2002,Performer,USA,Isaac Hayes,,,,sheet
Talking Heads,2002,Performer,"USA, UK",Talking Heads,,,,sheet
The Ramones,2002,Performer,USA,Ramones,,,,sheet
Tom Petty,2002,Performer,USA,Tom Petty and the Heartbreakers,wiki:Tom Petty,Tom Petty and the Heartbreakers,,sheet
Chet Atkins,2002,Musical Excellence,USA,Chet Atkins,,,,added
AC/DC,2003,Performer,"Australia, UK",AC/DC,,,,sheet
Elvis Costello,2003,Performer,UK,Elvis Costello,name:Elvis Costello & The Attractions,Elvis Costello and the Attractions,,sheet
The Clash,2003,Performer,UK,The Clash,,,,sheet
The Police,2003,Performer,"UK, USA",The Police,,,,sheet
The Righteous Brothers,2003,Performer,USA,The Righteous Brothers,,,,sheet
Benny Benjamin,2003,Musical Excellence,USA,Benny Benjamin,,,,added
Floyd Cramer,2003,Musical Excellence,USA,Floyd Cramer,,,,added
Steve Douglas,2003,Musical Excellence,USA,Steve Douglas (saxophonist),,,,added
Bob Seger,2004,Performer,USA,Bob Seger,name:Bob Seger & The Silver Bullet Band; name:The Bob Seger System,Bob Seger and the Silver Bullet Band; The Bob Seger System,,added
George Harrison,2004,Performer,UK,George Harrison,,,,sheet
Jackson Browne,2004,Performer,USA,Jackson Browne,,,,sheet
Prince,2004,Performer,USA,Prince (musician),name:Prince and The Revolution; name:Prince & The New Power Generation,Prince and the Revolution; Prince and the New Power Generation,,sheet
The Dells,2004,Performer,USA,The Dells,,,,sheet
Traffic,2004,Performer,UK,Traffic (band),,,,sheet
ZZ Top,2004,Performer,USA,ZZ Top,,,,sheet
Buddy Guy,2005,Performer,USA,Buddy Guy,,,,sheet
Percy Sledge,2005,Performer,USA,Percy Sledge,,,,sheet
The O'Jays,2005,Performer,USA,The O'Jays,,,,sheet
The Pretenders,2005,Performer,"UK, USA",The Pretenders,,,,sheet
U2,2005,Performer,Ireland,U2,,,,sheet
Black Sabbath,2006,Performer,UK,Black Sabbath,,,,sheet
Blondie,2006,Performer,USA,Blondie (band),,,,sheet
Lynyrd Skynyrd,2006,Performer,USA,Lynyrd Skynyrd,,,,sheet
Miles Davis,2006,Performer,USA,Miles Davis,,,,sheet
Sex Pistols,2006,Performer,UK,Sex Pistols,,,,sheet
Grandmaster Flash,2007,Performer,"USA, Barbados",Grandmaster Flash and the Furious Five,wiki:Grandmaster Flash,Grandmaster Flash and the Furious Five,,sheet
Patti Smith,2007,Performer,USA,Patti Smith,name:Patti Smith Group,Patti Smith Group,,sheet
R.E.M.,2007,Performer,USA,R.E.M.,,,,sheet
The Ronettes,2007,Performer,USA,The Ronettes,,,,sheet
Van Halen,2007,Performer,"USA, Netherlands",Van Halen,,,,sheet
John Mellencamp,2008,Performer,USA,John Mellencamp,,John Cougar Mellencamp; John Cougar,,sheet
Leonard Cohen,2008,Performer,Canada,Leonard Cohen,,,,sheet
Madonna,2008,Performer,USA,Madonna (entertainer),,,,sheet
The Dave Clark Five,2008,Performer,UK,The Dave Clark Five,,,,sheet
The Ventures,2008,Performer,USA,The Ventures,,,,sheet
Little Walter,2008,Musical Excellence,USA,Little Walter,,,,added
Bobby Womack,2009,Performer,USA,Bobby Womack,,,,sheet
Jeff Beck,2009,Performer,UK,Jeff Beck,,,,sheet
Little Anthony and the Imperials,2009,Performer,USA,Little Anthony and the Imperials,,,,sheet
Metallica,2009,Performer,"USA, Denmark",Metallica,,,,sheet
Run-DMC,2009,Performer,USA,Run-DMC,,Run-D.M.C.; Run DMC,,sheet
Bill Black,2009,Musical Excellence,USA,Bill Black,name:Bill Black's Combo,Bill Black's Combo,,added
D.J. Fontana,2009,Musical Excellence,USA,D. J. Fontana,,,,added
Spooner Oldham,2009,Musical Excellence,USA,Spooner Oldham,,,,added
Wanda Jackson,2009,Early Influence,USA,Wanda Jackson,,,,sheet
ABBA,2010,Performer,Sweden,ABBA,,,,sheet
Genesis,2010,Performer,UK,Genesis (band),,,,sheet
Jimmy Cliff,2010,Performer,Jamaica,Jimmy Cliff,,,,sheet
The Hollies,2010,Performer,UK,The Hollies,,,,sheet
The Stooges,2010,Performer,USA,The Stooges,,,,sheet
Alice Cooper,2011,Performer,USA,Alice Cooper,,,,sheet
Darlene Love,2011,Performer,USA,Darlene Love,,,,sheet
Dr. John,2011,Performer,USA,Dr. John,,,,sheet
Neil Diamond,2011,Performer,USA,Neil Diamond,,,,sheet
Tom Waits,2011,Performer,USA,Tom Waits,,,,sheet
Leon Russell,2011,Musical Excellence,USA,Leon Russell,,,,added
Beastie Boys,2012,Performer,USA,Beastie Boys,,,,sheet
Bill Haley's Comets,2012,Performer,USA,Bill Haley's Comets,,Bill Haley and His Comets; Bill Haley & His Comets,,sheet
Donovan,2012,Performer,UK,Donovan (singer),,,,sheet
Faces,2012,Performer,UK,Faces (band),,,,sheet
Guns N' Roses,2012,Performer,USA,Guns N' Roses,,,,sheet
Laura Nyro,2012,Performer,USA,Laura Nyro,,,,sheet
Red Hot Chili Peppers,2012,Performer,USA,Red Hot Chili Peppers,,,,sheet
Small Faces,2012,Performer,UK,Small Faces,,,,sheet
The Blue Caps,2012,Performer,USA,The Blue Caps,,Gene Vincent and His Blue Caps; Gene Vincent and the Blue Caps,,sheet
The Crickets,2012,Performer,USA,The Crickets,,Buddy Holly and the Crickets,,sheet
The Famous Flames,2012,Performer,USA,The Famous Flames,,James Brown and the Famous Flames,,sheet
The Midnighters,2012,Performer,USA,The Midnighters,,Hank Ballard and the Midnighters,,sheet
The Miracles,2012,Performer,USA,The Miracles,,Smokey Robinson & the Miracles; Smokey Robinson and the Miracles,,sheet
Cosimo Matassa,2012,Musical Excellence,USA,Cosimo Matassa,,,,added
Freddie King,2012,Early Influence,USA,Freddie King,,,,sheet
Glyn Johns,2012,Musical Excellence,UK,Glyn Johns,,,,added
Tom Dowd,2012,Musical Excellence,USA,Tom Dowd,,,,added
Albert King,2013,Performer,USA,Albert King,,,,sheet
Donna Summer,2013,Performer,USA,Donna Summer,,,,sheet
Heart,2013,Performer,USA,Heart (band),,,,sheet
Public Enemy,2013,Performer,USA,Public Enemy (band),,,,sheet
Randy Newman,2013,Performer,USA,Randy Newman,,,,sheet
Rush,2013,Performer,Canada,Rush (band),,,,sheet
Cat Stevens,2014,Performer,UK,Cat Stevens,,,,sheet
Hall & Oates,2014,Performer,USA,Hall & Oates,,Daryl Hall and John Oates; Daryl Hall John Oates,,sheet
Kiss,2014,Performer,USA,Kiss (band),,,,sheet
Linda Ronstadt,2014,Performer,USA,Linda Ronstadt,,,,sheet
Nirvana,2014,Performer,USA,Nirvana (band),,,,sheet
Peter Gabriel,2014,Performer,UK,Peter Gabriel,,,,sheet
E Street Band,2014,Musical Excellence,USA,E Street Band,,,,added
Bill Withers,2015,Performer,USA,Bill Withers,,,,sheet
Green Day,2015,Performer,USA,Green Day,,,,sheet
Joan Jett,2015,Performer,USA,Joan Jett and the Blackhearts,wiki:Joan Jett,Joan Jett and the Blackhearts,,sheet
Lou Reed,2015,Performer,USA,Lou Reed,,,,sheet
Paul Butterfield Blues Band,2015,Performer,USA,Paul Butterfield Blues Band,,,,sheet
Stevie Ray Vaughan,2015,Performer,USA,Stevie Ray Vaughan and Double Trouble,wiki:Stevie Ray Vaughan,Stevie Ray Vaughan and Double Trouble,,sheet
Ringo Starr,2015,Musical Excellence,UK,Ringo Starr,,,,added
"The ""5"" Royales",2015,Early Influence,USA,"The ""5"" Royales",,The 5 Royales,,sheet
Cheap Trick,2016,Performer,USA,Cheap Trick,,,,sheet
Chicago,2016,Performer,USA,Chicago (band),,,,sheet
Deep Purple,2016,Performer,UK,Deep Purple,,,,sheet
N.W.A,2016,Performer,USA,N.W.A,,,,sheet
Steve Miller,2016,Performer,USA,Steve Miller Band,wiki:Steve Miller (musician),The Steve Miller Band; Steve Miller Band,,sheet
2Pac,2017,Performer,USA,Tupac Shakur,,Tupac; Makaveli,,sheet
Electric Light Orchestra,2017,Performer,UK,Electric Light Orchestra,,,,sheet
Joan Baez,2017,Performer,USA,Joan Baez,,,,sheet
Journey,2017,Performer,USA,Journey (band),,,,sheet
Pearl Jam,2017,Performer,USA,Pearl Jam,,,,sheet
Yes,2017,Performer,UK,Yes (band),,,,sheet
Nile Rodgers,2017,Musical Excellence,USA,Nile Rodgers,,,,added
Bon Jovi,2018,Performer,USA,Bon Jovi,,,,sheet
Dire Straits,2018,Performer,UK,Dire Straits,,,,sheet
Nina Simone,2018,Performer,USA,Nina Simone,,,,sheet
The Cars,2018,Performer,USA,The Cars,,,,sheet
The Moody Blues,2018,Performer,UK,The Moody Blues,,,,sheet
Sister Rosetta Tharpe,2018,Early Influence,USA,Sister Rosetta Tharpe,,,,sheet
Def Leppard,2019,Performer,UK,Def Leppard,,,,sheet
Janet Jackson,2019,Performer,USA,Janet Jackson,,,,sheet
Radiohead,2019,Performer,UK,Radiohead,,,,sheet
Roxy Music,2019,Performer,UK,Roxy Music,,,,sheet
Stevie Nicks,2019,Performer,USA,Stevie Nicks,,,,sheet
The Cure,2019,Performer,UK,The Cure,,,,sheet
The Zombies,2019,Performer,UK,The Zombies,,,,sheet
Depeche Mode,2020,Performer,UK,Depeche Mode,,,,sheet
Nine Inch Nails,2020,Performer,USA,Nine Inch Nails,,,,sheet
T. Rex,2020,Performer,UK,T. Rex (band),,,,sheet
The Doobie Brothers,2020,Performer,USA,The Doobie Brothers,,,,sheet
The Notorious B.I.G.,2020,Performer,USA,The Notorious B.I.G.,,Notorious B.I.G.,,sheet
Whitney Houston,2020,Performer,USA,Whitney Houston,,,,sheet
Carole King,2021,Performer,USA,Carole King,,,,sheet
Foo Fighters,2021,Performer,USA,Foo Fighters,,,,sheet
Jay-Z,2021,Performer,USA,Jay-Z,,,,sheet
The Go-Go's,2021,Performer,USA,The Go-Go's,,,,sheet
Tina Turner,2021,Performer,USA,Tina Turner,,,,sheet
Todd Rundgren,2021,Performer,USA,Todd Rundgren,,,,sheet
Billy Preston,2021,Musical Excellence,USA,Billy Preston,,,,added
Charley Patton,2021,Early Influence,USA,Charley Patton,,,,sheet
Gil Scott-Heron,2021,Early Influence,USA,Gil Scott-Heron,,,,sheet
Kraftwerk,2021,Early Influence,Germany,Kraftwerk,,,,sheet
LL Cool J,2021,Musical Excellence,USA,LL Cool J,,,,added
Randy Rhoads,2021,Musical Excellence,USA,Randy Rhoads,,,,added
Carly Simon,2022,Performer,USA,Carly Simon,,,,sheet
Dolly Parton,2022,Performer,USA,Dolly Parton,,,,sheet
Duran Duran,2022,Performer,UK,Duran Duran,,,,sheet
Eminem,2022,Performer,USA,Eminem,,,,sheet
Eurythmics,2022,Performer,UK,Eurythmics,,,,sheet
Lionel Richie,2022,Performer,USA,Lionel Richie,,,,sheet
Pat Benatar,2022,Performer,USA,Pat Benatar,,,,sheet
Elizabeth Cotten,2022,Early Influence,USA,Elizabeth Cotten,,,,sheet
Harry Belafonte,2022,Early Influence,USA,Harry Belafonte,,,,sheet
Jimmy Jam & Terry Lewis,2022,Musical Excellence,USA,Jimmy Jam and Terry Lewis,,Jimmy Jam and Terry Lewis,,added
Judas Priest,2022,Musical Excellence,UK,Judas Priest,,,,added
George Michael,2023,Performer,UK,George Michael,,,,sheet
Kate Bush,2023,Performer,UK,Kate Bush,,,,sheet
Missy Elliott,2023,Performer,USA,Missy Elliott,,,,sheet
Rage Against the Machine,2023,Performer,USA,Rage Against the Machine,,,,sheet
Sheryl Crow,2023,Performer,USA,Sheryl Crow,,,,sheet
The Spinners,2023,Performer,USA,The Spinners (American band),,,,sheet
Willie Nelson,2023,Performer,USA,Willie Nelson,,,,sheet
Al Kooper,2023,Musical Excellence,USA,Al Kooper,,,,added
Bernie Taupin,2023,Musical Excellence,UK,Bernie Taupin,,,,added
Chaka Khan,2023,Musical Excellence,USA,Chaka Khan,"name:Rufus & Chaka Khan; wiki:Rufus (band)|credited to Rufus, Chaka Khan's band",Rufus and Chaka Khan,,added
DJ Kool Herc,2023,Early Influence,"USA, Jamaica",DJ Kool Herc,,,,sheet
Link Wray,2023,Early Influence,USA,Link Wray,,,,sheet
A Tribe Called Quest,2024,Performer,USA,A Tribe Called Quest,,,,sheet
Cher,2024,Performer,USA,Cher,,,,sheet
Dave Matthews Band,2024,Performer,"USA, South Africa",Dave Matthews Band,,,,sheet
Dionne Warwick,2024,Performer,USA,Dionne Warwick,,,,sheet
Foreigner,2024,Performer,"UK, USA",Foreigner (band),,,,sheet
Kool & the Gang,2024,Performer,USA,Kool & the Gang,,,,sheet
Mary J. Blige,2024,Performer,USA,Mary J. Blige,,,,sheet
Ozzy Osbourne,2024,Performer,UK,Ozzy Osbourne,,,,sheet
Peter Frampton,2024,Performer,UK,Peter Frampton,,,,added
Alexis Korner,2024,Early Influence,UK,Alexis Korner,,,,sheet
Big Mama Thornton,2024,Early Influence,USA,Big Mama Thornton,,,,sheet
Jimmy Buffett,2024,Musical Excellence,USA,Jimmy Buffett,name:Jimmy Buffett & The Coral Reefer Band,Jimmy Buffett and the Coral Reefer Band,,added
John Mayall,2024,Early Influence,UK,John Mayall,,,,sheet
MC5,2024,Musical Excellence,USA,MC5,,,,added
Norman Whitfield,2024,Musical Excellence,USA,Norman Whitfield,,,,added
Bad Company,2025,Performer,UK,Bad Company (band),,,,sheet
Chubby Checker,2025,Performer,USA,Chubby Checker,,,,sheet
Cyndi Lauper,2025,Performer,USA,Cyndi Lauper,,,,sheet
Joe Cocker,2025,Performer,UK,Joe Cocker,,,,sheet
Outkast,2025,Performer,USA,Outkast,,,,sheet
Soundgarden,2025,Performer,USA,Soundgarden,,,,sheet
The White Stripes,2025,Performer,USA,The White Stripes,,,,sheet
Carol Kaye,2025,Musical Excellence,USA,Carol Kaye,,,,added
Nicky Hopkins,2025,Musical Excellence,UK,Nicky Hopkins,,,,added
Salt-N-Pepa,2025,Early Influence,USA,Salt-N-Pepa,,,,sheet
Thom Bell,2025,Musical Excellence,USA,Thom Bell,,,,added
Warren Zevon,2025,Early Influence,USA,Warren Zevon,,,,sheet
Billy Idol,2026,Performer,UK,Billy Idol,,,,sheet
Iron Maiden,2026,Performer,UK,Iron Maiden,,,,sheet
Joy Division,2026,Performer,UK,Joy Division,,,,sheet
Luther Vandross,2026,Performer,USA,Luther Vandross,,,,sheet
New Order,2026,Performer,UK,New Order (band),,,,sheet
Oasis,2026,Performer,UK,Oasis (band),,,,sheet
Phil Collins,2026,Performer,UK,Phil Collins,,,,sheet
Sade,2026,Performer,"UK, Nigeria",Sade (band),,,,sheet
Wu-Tang Clan,2026,Performer,USA,Wu-Tang Clan,,,,sheet
Arif Mardin,2026,Musical Excellence,"Turkey, USA",Arif Mardin,,,,added
Celia Cruz,2026,Early Influence,Cuba,Celia Cruz,,,,sheet
Fela Kuti,2026,Early Influence,Nigeria,Fela Kuti,,,,sheet
Gram Parsons,2026,Early Influence,USA,Gram Parsons,,,,sheet
Jimmy Miller,2026,Musical Excellence,USA,Jimmy Miller,,,,added
Linda Creed,2026,Musical Excellence,USA,Linda Creed,,,,added
MC Lyte,2026,Early Influence,USA,MC Lyte,,,,sheet
Queen Latifah,2026,Early Influence,USA,Queen Latifah,,,,sheet
Rick Rubin,2026,Musical Excellence,USA,Rick Rubin,,,,added
